{"cameraMode":{"drawMode":0,"name":"Shaded","section":"Shading Mode"},"sceneLighting":false,"audioPlay":false,"sceneViewState":{"showFog":true,"showMaterialUpdate":true,"showSkybox":false,"showFlares":true,"showImageEffects":true,"showParticleSystems":true},"in2DMode":false,"pivot":{"x":-13.633255958557129,"y":-13.605278968811036,"z":53.07931900024414},"rotation":{"x":0.34070727229118349,"y":-0.3878674805164337,"z":0.15541402995586396,"w":0.8425816297531128},"size":19.316936492919923,"orthographic":false}