{"cameraMode":{"drawMode":0,"name":"Shaded","section":"Shading Mode"},"sceneLighting":false,"audioPlay":false,"sceneViewState":{"showFog":true,"showMaterialUpdate":false,"showSkybox":false,"showFlares":true,"showImageEffects":true,"showParticleSystems":true},"in2DMode":false,"pivot":{"x":34.53931427001953,"y":-20.478620529174806,"z":-185.15234375},"rotation":{"x":0.005799612030386925,"y":0.9936414957046509,"z":-0.06752710789442063,"w":0.09247466176748276},"size":120.15058135986328,"orthographic":false}