{"cameraMode":{"drawMode":0,"name":"Shaded","section":"Shading Mode"},"sceneLighting":true,"audioPlay":false,"sceneViewState":{"showFog":true,"showMaterialUpdate":true,"showSkybox":true,"showFlares":true,"showImageEffects":true,"showParticleSystems":true},"in2DMode":false,"pivot":{"x":1.5905240774154664,"y":-9.325072288513184,"z":-119.05604553222656},"rotation":{"x":-0.0012755998177453876,"y":0.9985201358795166,"z":-0.06030789390206337,"w":0.008329265750944615},"size":48.0029296875,"orthographic":false}