{"cameraMode":{"drawMode":0,"name":"Shaded","section":"Shading Mode"},"sceneLighting":false,"audioPlay":false,"sceneViewState":{"showFog":true,"showMaterialUpdate":false,"showSkybox":false,"showFlares":true,"showImageEffects":true,"showParticleSystems":true},"in2DMode":false,"pivot":{"x":1.9628527164459229,"y":-2.8446760177612306,"z":-2.599432945251465},"rotation":{"x":-0.281837522983551,"y":-0.03901088610291481,"z":0.011873474344611168,"w":-0.9588086605072022},"size":6.624746322631836,"orthographic":false}