{"cameraMode":{"drawMode":0,"name":"Shaded","section":"Shading Mode"},"sceneLighting":false,"audioPlay":false,"sceneViewState":{"showFog":true,"showMaterialUpdate":true,"showSkybox":false,"showFlares":true,"showImageEffects":true,"showParticleSystems":true},"in2DMode":false,"pivot":{"x":0.2516928017139435,"y":-0.21991950273513795,"z":0.2696187496185303},"rotation":{"x":-0.11379915475845337,"y":-0.8388563990592957,"z":0.4959893822669983,"w":-0.19478502869606019},"size":0.6539121866226196,"orthographic":false}