{"cameraMode":{"drawMode":0,"name":"Shaded","section":"Shading Mode"},"sceneLighting":false,"audioPlay":false,"sceneViewState":{"showFog":true,"showMaterialUpdate":true,"showSkybox":false,"showFlares":true,"showImageEffects":true,"showParticleSystems":true},"in2DMode":false,"pivot":{"x":0.0021586865186691286,"y":0.3582299053668976,"z":8.195638656616211e-8},"rotation":{"x":0.29868218302726748,"y":-0.6563540697097778,"z":0.3160146474838257,"w":0.6170082092285156},"size":0.37002262473106387,"orthographic":false}