{"cameraMode":{"drawMode":0,"name":"Shaded","section":"Shading Mode"},"sceneLighting":false,"audioPlay":false,"sceneViewState":{"showFog":true,"showMaterialUpdate":false,"showSkybox":false,"showFlares":true,"showImageEffects":true,"showParticleSystems":true},"in2DMode":false,"pivot":{"x":-3.185335636138916,"y":-3.6913986206054689,"z":-4.047355651855469},"rotation":{"x":-0.3125652074813843,"y":0.19467391073703767,"z":-0.06517525762319565,"w":-0.9276673197746277},"size":6.624746322631836,"orthographic":false}