{"cameraMode":{"drawMode":0,"name":"Shaded","section":"Shading Mode"},"sceneLighting":false,"audioPlay":false,"sceneViewState":{"showFog":true,"showMaterialUpdate":true,"showSkybox":false,"showFlares":true,"showImageEffects":true,"showParticleSystems":true},"in2DMode":false,"pivot":{"x":-0.37297484278678896,"y":0.7252121567726135,"z":0.8660808205604553},"rotation":{"x":0.025623753666877748,"y":-0.965325653553009,"z":0.24196285009384156,"w":0.09757354110479355},"size":0.48241493105888369,"orthographic":false}