{"cameraMode":{"drawMode":0,"name":"Shaded","section":"Shading Mode"},"sceneLighting":false,"audioPlay":false,"sceneViewState":{"showFog":true,"showMaterialUpdate":true,"showSkybox":false,"showFlares":true,"showImageEffects":true,"showParticleSystems":true},"in2DMode":false,"pivot":{"x":-18.239858627319337,"y":-17.016555786132814,"z":-12.308514595031739},"rotation":{"x":-0.14541055262088777,"y":0.8388922214508057,"z":-0.26688823103904726,"w":-0.4522566497325897},"size":18.450828552246095,"orthographic":false}